date,target_group,population,value
2/5/22,Delaware,1051917,0
2/5/22,Florida,23372215,56
2/5/22,Georgia,11180878,53
2/5/22,Maryland,6263220,8
2/5/22,North Carolina,11046024,48
2/12/22,Delaware,1051917,0
2/12/22,Florida,23372215,47
2/12/22,Georgia,11180878,41
2/12/22,Maryland,6263220,6
2/12/22,North Carolina,11046024,27
2/19/22,Delaware,1051917,0
2/19/22,Florida,23372215,47
2/19/22,Georgia,11180878,48
2/19/22,Maryland,6263220,13
2/19/22,North Carolina,11046024,34
2/26/22,Delaware,1051917,0
2/26/22,Florida,23372215,55
2/26/22,Georgia,11180878,44
2/26/22,Maryland,6263220,15
2/26/22,North Carolina,11046024,34
3/5/22,Delaware,1051917,1
3/5/22,Florida,23372215,59
3/5/22,Georgia,11180878,27
3/5/22,Maryland,6263220,23
3/5/22,North Carolina,11046024,45
3/12/22,Delaware,1051917,7
3/12/22,Florida,23372215,47
3/12/22,Georgia,11180878,38
3/12/22,Maryland,6263220,16
3/12/22,North Carolina,11046024,56
3/19/22,Delaware,1051917,4
3/19/22,Florida,23372215,58
3/19/22,Georgia,11180878,35
3/19/22,Maryland,6263220,19
3/19/22,North Carolina,11046024,14
3/26/22,Delaware,1051917,4
3/26/22,Florida,23372215,84
3/26/22,Georgia,11180878,33
3/26/22,Maryland,6263220,30
3/26/22,North Carolina,11046024,25
4/2/22,Delaware,1051917,3
4/2/22,Florida,23372215,78
4/2/22,Georgia,11180878,45
4/2/22,Maryland,6263220,29
4/2/22,North Carolina,11046024,28
4/9/22,Delaware,1051917,7
4/9/22,Florida,23372215,83
4/9/22,Georgia,11180878,33
4/9/22,Maryland,6263220,47
4/9/22,North Carolina,11046024,40
4/16/22,Delaware,1051917,38
4/16/22,Florida,23372215,147
4/16/22,Georgia,11180878,42
4/16/22,Maryland,6263220,51
4/16/22,North Carolina,11046024,58
4/23/22,Delaware,1051917,17
4/23/22,Florida,23372215,140
4/23/22,Georgia,11180878,46
4/23/22,Maryland,6263220,43
4/23/22,North Carolina,11046024,46
4/30/22,Delaware,1051917,7
4/30/22,Florida,23372215,164
4/30/22,Georgia,11180878,36
4/30/22,Maryland,6263220,51
4/30/22,North Carolina,11046024,63
5/7/22,Delaware,1051917,4
5/7/22,Florida,23372215,213
5/7/22,Georgia,11180878,44
5/7/22,Maryland,6263220,46
5/7/22,North Carolina,11046024,55
5/14/22,Delaware,1051917,3
5/14/22,Florida,23372215,278
5/14/22,Georgia,11180878,60
5/14/22,Maryland,6263220,54
5/14/22,North Carolina,11046024,37
5/21/22,Delaware,1051917,4
5/21/22,Florida,23372215,371
5/21/22,Georgia,11180878,55
5/21/22,Maryland,6263220,45
5/21/22,North Carolina,11046024,48
5/28/22,Delaware,1051917,3
5/28/22,Florida,23372215,516
5/28/22,Georgia,11180878,62
5/28/22,Maryland,6263220,29
5/28/22,North Carolina,11046024,41
6/4/22,Delaware,1051917,9
6/4/22,Florida,23372215,663
6/4/22,Georgia,11180878,66
6/4/22,Maryland,6263220,17
6/4/22,North Carolina,11046024,22
6/11/22,Delaware,1051917,6
6/11/22,Florida,23372215,551
6/11/22,Georgia,11180878,48
6/11/22,Maryland,6263220,17
6/11/22,North Carolina,11046024,47
6/18/22,Delaware,1051917,1
6/18/22,Florida,23372215,460
6/18/22,Georgia,11180878,41
6/18/22,Maryland,6263220,21
6/18/22,North Carolina,11046024,59
6/25/22,Delaware,1051917,2
6/25/22,Florida,23372215,302
6/25/22,Georgia,11180878,27
6/25/22,Maryland,6263220,20
6/25/22,North Carolina,11046024,58
7/2/22,Delaware,1051917,0
7/2/22,Florida,23372215,208
7/2/22,Georgia,11180878,35
7/2/22,Maryland,6263220,13
7/2/22,North Carolina,11046024,41
7/9/22,Delaware,1051917,0
7/9/22,Florida,23372215,161
7/9/22,Georgia,11180878,28
7/9/22,Maryland,6263220,12
7/9/22,North Carolina,11046024,16
7/16/22,Delaware,1051917,1
7/16/22,Florida,23372215,124
7/16/22,Georgia,11180878,27
7/16/22,Maryland,6263220,7
7/16/22,North Carolina,11046024,41
7/23/22,Delaware,1051917,0
7/23/22,Florida,23372215,89
7/23/22,Georgia,11180878,28
7/23/22,Maryland,6263220,3
7/23/22,North Carolina,11046024,41
7/30/22,Delaware,1051917,0
7/30/22,Florida,23372215,74
7/30/22,Georgia,11180878,39
7/30/22,Maryland,6263220,3
7/30/22,North Carolina,11046024,12
8/6/22,Delaware,1051917,0
8/6/22,Florida,23372215,69
8/6/22,Georgia,11180878,33
8/6/22,Maryland,6263220,2
8/6/22,North Carolina,11046024,1
8/13/22,Delaware,1051917,0
8/13/22,Florida,23372215,74
8/13/22,Georgia,11180878,19
8/13/22,Maryland,6263220,5
8/13/22,North Carolina,11046024,9
8/20/22,Delaware,1051917,0
8/20/22,Florida,23372215,60
8/20/22,Georgia,11180878,13
8/20/22,Maryland,6263220,6
8/20/22,North Carolina,11046024,12
8/27/22,Delaware,1051917,0
8/27/22,Florida,23372215,65
8/27/22,Georgia,11180878,26
8/27/22,Maryland,6263220,4
8/27/22,North Carolina,11046024,12
9/3/22,Delaware,1051917,1
9/3/22,Florida,23372215,53
9/3/22,Georgia,11180878,20
9/3/22,Maryland,6263220,0
9/3/22,North Carolina,11046024,6
9/10/22,Delaware,1051917,0
9/10/22,Florida,23372215,50
9/10/22,Georgia,11180878,43
9/10/22,Maryland,6263220,3
9/10/22,North Carolina,11046024,14
9/17/22,Delaware,1051917,2
9/17/22,Florida,23372215,79
9/17/22,Georgia,11180878,46
9/17/22,Maryland,6263220,8
9/17/22,North Carolina,11046024,19
9/24/22,Delaware,1051917,0
9/24/22,Florida,23372215,78
9/24/22,Georgia,11180878,55
9/24/22,Maryland,6263220,3
9/24/22,North Carolina,11046024,11
10/1/22,Delaware,1051917,0
10/1/22,Florida,23372215,78
10/1/22,Georgia,11180878,77
10/1/22,Maryland,6263220,6
10/1/22,North Carolina,11046024,23
10/8/22,Delaware,1051917,0
10/8/22,Florida,23372215,113
10/8/22,Georgia,11180878,109
10/8/22,Maryland,6263220,17
10/8/22,North Carolina,11046024,21
10/15/22,Delaware,1051917,0
10/15/22,Florida,23372215,101
10/15/22,Georgia,11180878,144
10/15/22,Maryland,6263220,27
10/15/22,North Carolina,11046024,38
10/22/22,Delaware,1051917,1
10/22/22,Florida,23372215,124
10/22/22,Georgia,11180878,137
10/22/22,Maryland,6263220,43
10/22/22,North Carolina,11046024,73
10/29/22,Delaware,1051917,4
10/29/22,Florida,23372215,241
10/29/22,Georgia,11180878,216
10/29/22,Maryland,6263220,105
10/29/22,North Carolina,11046024,195
11/5/22,Delaware,1051917,10
11/5/22,Florida,23372215,290
11/5/22,Georgia,11180878,250
11/5/22,Maryland,6263220,156
11/5/22,North Carolina,11046024,301
11/12/22,Delaware,1051917,13
11/12/22,Florida,23372215,452
11/12/22,Georgia,11180878,263
11/12/22,Maryland,6263220,214
11/12/22,North Carolina,11046024,367
11/19/22,Delaware,1051917,53
11/19/22,Florida,23372215,517
11/19/22,Georgia,11180878,236
11/19/22,Maryland,6263220,210
11/19/22,North Carolina,11046024,379
11/26/22,Delaware,1051917,39
11/26/22,Florida,23372215,741
11/26/22,Georgia,11180878,258
11/26/22,Maryland,6263220,308
11/26/22,North Carolina,11046024,449
12/3/22,Delaware,1051917,86
12/3/22,Florida,23372215,919
12/3/22,Georgia,11180878,342
12/3/22,Maryland,6263220,411
12/3/22,North Carolina,11046024,660
12/10/22,Delaware,1051917,30
12/10/22,Florida,23372215,785
12/10/22,Georgia,11180878,209
12/10/22,Maryland,6263220,325
12/10/22,North Carolina,11046024,415
12/17/22,Delaware,1051917,25
12/17/22,Florida,23372215,846
12/17/22,Georgia,11180878,179
12/17/22,Maryland,6263220,261
12/17/22,North Carolina,11046024,332
12/24/22,Delaware,1051917,29
12/24/22,Florida,23372215,1017
12/24/22,Georgia,11180878,158
12/24/22,Maryland,6263220,231
12/24/22,North Carolina,11046024,311
12/31/22,Delaware,1051917,42
12/31/22,Florida,23372215,1238
12/31/22,Georgia,11180878,184
12/31/22,Maryland,6263220,225
12/31/22,North Carolina,11046024,309
1/7/23,Delaware,1051917,45
1/7/23,Florida,23372215,1321
1/7/23,Georgia,11180878,189
1/7/23,Maryland,6263220,157
1/7/23,North Carolina,11046024,230
1/14/23,Delaware,1051917,12
1/14/23,Florida,23372215,700
1/14/23,Georgia,11180878,108
1/14/23,Maryland,6263220,101
1/14/23,North Carolina,11046024,133
1/21/23,Delaware,1051917,6
1/21/23,Florida,23372215,592
1/21/23,Georgia,11180878,80
1/21/23,Maryland,6263220,67
1/21/23,North Carolina,11046024,65
1/28/23,Delaware,1051917,6
1/28/23,Florida,23372215,420
1/28/23,Georgia,11180878,71
1/28/23,Maryland,6263220,39
1/28/23,North Carolina,11046024,47
2/4/23,Delaware,1051917,10
2/4/23,Florida,23372215,353
2/4/23,Georgia,11180878,204
2/4/23,Maryland,6263220,51
2/4/23,North Carolina,11046024,43
2/11/23,Delaware,1051917,1
2/11/23,Florida,23372215,300
2/11/23,Georgia,11180878,83
2/11/23,Maryland,6263220,41
2/11/23,North Carolina,11046024,60
2/18/23,Delaware,1051917,1
2/18/23,Florida,23372215,235
2/18/23,Georgia,11180878,75
2/18/23,Maryland,6263220,26
2/18/23,North Carolina,11046024,48
2/25/23,Delaware,1051917,0
2/25/23,Florida,23372215,213
2/25/23,Georgia,11180878,60
2/25/23,Maryland,6263220,26
2/25/23,North Carolina,11046024,29
3/4/23,Delaware,1051917,5
3/4/23,Florida,23372215,178
3/4/23,Georgia,11180878,54
3/4/23,Maryland,6263220,13
3/4/23,North Carolina,11046024,38
3/11/23,Delaware,1051917,1
3/11/23,Florida,23372215,179
3/11/23,Georgia,11180878,51
3/11/23,Maryland,6263220,16
3/11/23,North Carolina,11046024,27
3/18/23,Delaware,1051917,0
3/18/23,Florida,23372215,211
3/18/23,Georgia,11180878,54
3/18/23,Maryland,6263220,10
3/18/23,North Carolina,11046024,32
3/25/23,Delaware,1051917,2
3/25/23,Florida,23372215,158
3/25/23,Georgia,11180878,62
3/25/23,Maryland,6263220,21
3/25/23,North Carolina,11046024,25
4/1/23,Delaware,1051917,2
4/1/23,Florida,23372215,165
4/1/23,Georgia,11180878,53
4/1/23,Maryland,6263220,9
4/1/23,North Carolina,11046024,12
4/8/23,Delaware,1051917,0
4/8/23,Florida,23372215,184
4/8/23,Georgia,11180878,49
4/8/23,Maryland,6263220,12
4/8/23,North Carolina,11046024,23
4/15/23,Delaware,1051917,0
4/15/23,Florida,23372215,130
4/15/23,Georgia,11180878,29
4/15/23,Maryland,6263220,13
4/15/23,North Carolina,11046024,25
4/22/23,Delaware,1051917,0
4/22/23,Florida,23372215,152
4/22/23,Georgia,11180878,44
4/22/23,Maryland,6263220,10
4/22/23,North Carolina,11046024,13
4/29/23,Delaware,1051917,1
4/29/23,Florida,23372215,136
4/29/23,Georgia,11180878,43
4/29/23,Maryland,6263220,10
4/29/23,North Carolina,11046024,10
5/6/23,Delaware,1051917,0
5/6/23,Florida,23372215,128
5/6/23,Georgia,11180878,33
5/6/23,Maryland,6263220,15
5/6/23,North Carolina,11046024,8
5/13/23,Delaware,1051917,1
5/13/23,Florida,23372215,132
5/13/23,Georgia,11180878,50
5/13/23,Maryland,6263220,11
5/13/23,North Carolina,11046024,18
5/20/23,Delaware,1051917,0
5/20/23,Florida,23372215,140
5/20/23,Georgia,11180878,30
5/20/23,Maryland,6263220,5
5/20/23,North Carolina,11046024,11
5/27/23,Delaware,1051917,0
5/27/23,Florida,23372215,141
5/27/23,Georgia,11180878,37
5/27/23,Maryland,6263220,6
5/27/23,North Carolina,11046024,5
6/3/23,Delaware,1051917,3
6/3/23,Florida,23372215,148
6/3/23,Georgia,11180878,46
6/3/23,Maryland,6263220,8
6/3/23,North Carolina,11046024,14
6/10/23,Delaware,1051917,0
6/10/23,Florida,23372215,166
6/10/23,Georgia,11180878,55
6/10/23,Maryland,6263220,5
6/10/23,North Carolina,11046024,12
6/17/23,Delaware,1051917,0
6/17/23,Florida,23372215,148
6/17/23,Georgia,11180878,41
6/17/23,Maryland,6263220,2
6/17/23,North Carolina,11046024,19
6/24/23,Delaware,1051917,0
6/24/23,Florida,23372215,165
6/24/23,Georgia,11180878,38
6/24/23,Maryland,6263220,8
6/24/23,North Carolina,11046024,19
7/1/23,Delaware,1051917,0
7/1/23,Florida,23372215,158
7/1/23,Georgia,11180878,38
7/1/23,Maryland,6263220,0
7/1/23,North Carolina,11046024,18
7/8/23,Delaware,1051917,0
7/8/23,Florida,23372215,144
7/8/23,Georgia,11180878,23
7/8/23,Maryland,6263220,3
7/8/23,North Carolina,11046024,10
7/15/23,Delaware,1051917,0
7/15/23,Florida,23372215,138
7/15/23,Georgia,11180878,18
7/15/23,Maryland,6263220,5
7/15/23,North Carolina,11046024,13
7/22/23,Delaware,1051917,2
7/22/23,Florida,23372215,109
7/22/23,Georgia,11180878,17
7/22/23,Maryland,6263220,4
7/22/23,North Carolina,11046024,6
7/29/23,Delaware,1051917,0
7/29/23,Florida,23372215,131
7/29/23,Georgia,11180878,16
7/29/23,Maryland,6263220,14
7/29/23,North Carolina,11046024,9
8/5/23,Delaware,1051917,0
8/5/23,Florida,23372215,131
8/5/23,Georgia,11180878,19
8/5/23,Maryland,6263220,7
8/5/23,North Carolina,11046024,8
8/12/23,Delaware,1051917,1
8/12/23,Florida,23372215,133
8/12/23,Georgia,11180878,28
8/12/23,Maryland,6263220,5
8/12/23,North Carolina,11046024,13
8/19/23,Delaware,1051917,0
8/19/23,Florida,23372215,152
8/19/23,Georgia,11180878,19
8/19/23,Maryland,6263220,6
8/19/23,North Carolina,11046024,15
8/26/23,Delaware,1051917,0
8/26/23,Florida,23372215,160
8/26/23,Georgia,11180878,28
8/26/23,Maryland,6263220,3
8/26/23,North Carolina,11046024,8
9/2/23,Delaware,1051917,0
9/2/23,Florida,23372215,171
9/2/23,Georgia,11180878,34
9/2/23,Maryland,6263220,5
9/2/23,North Carolina,11046024,19
9/9/23,Delaware,1051917,0
9/9/23,Florida,23372215,150
9/9/23,Georgia,11180878,21
9/9/23,Maryland,6263220,5
9/9/23,North Carolina,11046024,8
9/16/23,Delaware,1051917,0
9/16/23,Florida,23372215,154
9/16/23,Georgia,11180878,34
9/16/23,Maryland,6263220,2
9/16/23,North Carolina,11046024,11
9/23/23,Delaware,1051917,0
9/23/23,Florida,23372215,171
9/23/23,Georgia,11180878,30
9/23/23,Maryland,6263220,6
9/23/23,North Carolina,11046024,13
9/30/23,Delaware,1051917,0
9/30/23,Florida,23372215,168
9/30/23,Georgia,11180878,29
9/30/23,Maryland,6263220,4
9/30/23,North Carolina,11046024,10
10/7/23,Delaware,1051917,2
10/7/23,Florida,23372215,226
10/7/23,Georgia,11180878,34
10/7/23,Maryland,6263220,3
10/7/23,North Carolina,11046024,37
10/14/23,Delaware,1051917,0
10/14/23,Florida,23372215,213
10/14/23,Georgia,11180878,39
10/14/23,Maryland,6263220,3
10/14/23,North Carolina,11046024,20
10/21/23,Delaware,1051917,1
10/21/23,Florida,23372215,290
10/21/23,Georgia,11180878,31
10/21/23,Maryland,6263220,9
10/21/23,North Carolina,11046024,19
10/28/23,Delaware,1051917,1
10/28/23,Florida,23372215,313
10/28/23,Georgia,11180878,40
10/28/23,Maryland,6263220,10
10/28/23,North Carolina,11046024,21
11/4/23,Delaware,1051917,1
11/4/23,Florida,23372215,443
11/4/23,Georgia,11180878,56
11/4/23,Maryland,6263220,15
11/4/23,North Carolina,11046024,46
11/11/23,Delaware,1051917,1
11/11/23,Florida,23372215,462
11/11/23,Georgia,11180878,116
11/11/23,Maryland,6263220,19
11/11/23,North Carolina,11046024,52
11/18/23,Delaware,1051917,2
11/18/23,Florida,23372215,651
11/18/23,Georgia,11180878,133
11/18/23,Maryland,6263220,27
11/18/23,North Carolina,11046024,90
11/25/23,Delaware,1051917,1
11/25/23,Florida,23372215,701
11/25/23,Georgia,11180878,156
11/25/23,Maryland,6263220,22
11/25/23,North Carolina,11046024,156
12/2/23,Delaware,1051917,2
12/2/23,Florida,23372215,743
12/2/23,Georgia,11180878,225
12/2/23,Maryland,6263220,60
12/2/23,North Carolina,11046024,223
12/9/23,Delaware,1051917,10
12/9/23,Florida,23372215,759
12/9/23,Georgia,11180878,261
12/9/23,Maryland,6263220,78
12/9/23,North Carolina,11046024,327
12/16/23,Delaware,1051917,18
12/16/23,Florida,23372215,842
12/16/23,Georgia,11180878,442
12/16/23,Maryland,6263220,115
12/16/23,North Carolina,11046024,421
12/23/23,Delaware,1051917,24
12/23/23,Florida,23372215,988
12/23/23,Georgia,11180878,746
12/23/23,Maryland,6263220,207
12/23/23,North Carolina,11046024,769
12/30/23,Delaware,1051917,60
12/30/23,Florida,23372215,1350
12/30/23,Georgia,11180878,1132
12/30/23,Maryland,6263220,328
12/30/23,North Carolina,11046024,1117
1/6/24,Delaware,1051917,48
1/6/24,Florida,23372215,1411
1/6/24,Georgia,11180878,758
1/6/24,Maryland,6263220,322
1/6/24,North Carolina,11046024,817
1/13/24,Delaware,1051917,34
1/13/24,Florida,23372215,1069
1/13/24,Georgia,11180878,627
1/13/24,Maryland,6263220,245
1/13/24,North Carolina,11046024,530
1/20/24,Delaware,1051917,32
1/20/24,Florida,23372215,907
1/20/24,Georgia,11180878,486
1/20/24,Maryland,6263220,198
1/20/24,North Carolina,11046024,323
1/27/24,Delaware,1051917,28
1/27/24,Florida,23372215,833
1/27/24,Georgia,11180878,455
1/27/24,Maryland,6263220,171
1/27/24,North Carolina,11046024,320
2/3/24,Delaware,1051917,25
2/3/24,Florida,23372215,711
2/3/24,Georgia,11180878,354
2/3/24,Maryland,6263220,113
2/3/24,North Carolina,11046024,267
2/10/24,Delaware,1051917,25
2/10/24,Florida,23372215,827
2/10/24,Georgia,11180878,308
2/10/24,Maryland,6263220,111
2/10/24,North Carolina,11046024,185
2/17/24,Delaware,1051917,36
2/17/24,Florida,23372215,677
2/17/24,Georgia,11180878,259
2/17/24,Maryland,6263220,123
2/17/24,North Carolina,11046024,191
2/24/24,Delaware,1051917,24
2/24/24,Florida,23372215,617
2/24/24,Georgia,11180878,192
2/24/24,Maryland,6263220,118
2/24/24,North Carolina,11046024,169
3/2/24,Delaware,1051917,33
3/2/24,Florida,23372215,536
3/2/24,Georgia,11180878,203
3/2/24,Maryland,6263220,176
3/2/24,North Carolina,11046024,174
3/9/24,Delaware,1051917,26
3/9/24,Florida,23372215,533
3/9/24,Georgia,11180878,156
3/9/24,Maryland,6263220,170
3/9/24,North Carolina,11046024,147
3/16/24,Delaware,1051917,18
3/16/24,Florida,23372215,516
3/16/24,Georgia,11180878,102
3/16/24,Maryland,6263220,114
3/16/24,North Carolina,11046024,100
3/23/24,Delaware,1051917,16
3/23/24,Florida,23372215,419
3/23/24,Georgia,11180878,81
3/23/24,Maryland,6263220,75
3/23/24,North Carolina,11046024,87
3/30/24,Delaware,1051917,15
3/30/24,Florida,23372215,402
3/30/24,Georgia,11180878,64
3/30/24,Maryland,6263220,76
3/30/24,North Carolina,11046024,91
4/6/24,Delaware,1051917,19
4/6/24,Florida,23372215,311
4/6/24,Georgia,11180878,60
4/6/24,Maryland,6263220,88
4/6/24,North Carolina,11046024,79
4/13/24,Delaware,1051917,7
4/13/24,Florida,23372215,324
4/13/24,Georgia,11180878,57
4/13/24,Maryland,6263220,55
4/13/24,North Carolina,11046024,60
4/20/24,Delaware,1051917,8
4/20/24,Florida,23372215,237
4/20/24,Georgia,11180878,40
4/20/24,Maryland,6263220,38
4/20/24,North Carolina,11046024,23
4/27/24,Delaware,1051917,2
4/27/24,Florida,23372215,260
4/27/24,Georgia,11180878,35
4/27/24,Maryland,6263220,20
4/27/24,North Carolina,11046024,14
5/4/24,Delaware,1051917,4
5/4/24,Florida,23372215,140
5/4/24,Georgia,11180878,16
5/4/24,Maryland,6263220,10
5/4/24,North Carolina,11046024,9
5/11/24,Delaware,1051917,1
5/11/24,Florida,23372215,85
5/11/24,Georgia,11180878,7
5/11/24,Maryland,6263220,5
5/11/24,North Carolina,11046024,0
5/18/24,Delaware,1051917,1
5/18/24,Florida,23372215,91
5/18/24,Georgia,11180878,6
5/18/24,Maryland,6263220,0
5/18/24,North Carolina,11046024,0
5/25/24,Delaware,1051917,1
5/25/24,Florida,23372215,97
5/25/24,Georgia,11180878,3
5/25/24,Maryland,6263220,0
5/25/24,North Carolina,11046024,0
6/1/24,Delaware,1051917,0
6/1/24,Florida,23372215,77
6/1/24,Georgia,11180878,5
6/1/24,Maryland,6263220,5
6/1/24,North Carolina,11046024,0
6/8/24,Delaware,1051917,1
6/8/24,Florida,23372215,81
6/8/24,Georgia,11180878,2
6/8/24,Maryland,6263220,3
6/8/24,North Carolina,11046024,0
6/15/24,Delaware,1051917,0
6/15/24,Florida,23372215,80
6/15/24,Georgia,11180878,1
6/15/24,Maryland,6263220,0
6/15/24,North Carolina,11046024,0
6/22/24,Delaware,1051917,0
6/22/24,Florida,23372215,64
6/22/24,Georgia,11180878,2
6/22/24,Maryland,6263220,0
6/22/24,North Carolina,11046024,0
6/29/24,Delaware,1051917,1
6/29/24,Florida,23372215,62
6/29/24,Georgia,11180878,4
6/29/24,Maryland,6263220,2
6/29/24,North Carolina,11046024,0
7/6/24,Delaware,1051917,0
7/6/24,Florida,23372215,56
7/6/24,Georgia,11180878,4
7/6/24,Maryland,6263220,1
7/6/24,North Carolina,11046024,1
7/13/24,Delaware,1051917,0
7/13/24,Florida,23372215,78
7/13/24,Georgia,11180878,0
7/13/24,Maryland,6263220,0
7/13/24,North Carolina,11046024,0
7/20/24,Delaware,1051917,0
7/20/24,Florida,23372215,59
7/20/24,Georgia,11180878,0
7/20/24,Maryland,6263220,0
7/20/24,North Carolina,11046024,2
7/27/24,Delaware,1051917,0
7/27/24,Florida,23372215,41
7/27/24,Georgia,11180878,1
7/27/24,Maryland,6263220,0
7/27/24,North Carolina,11046024,0
8/3/24,Delaware,1051917,0
8/3/24,Florida,23372215,54
8/3/24,Georgia,11180878,3
8/3/24,Maryland,6263220,1
8/3/24,North Carolina,11046024,0
8/10/24,Delaware,1051917,0
8/10/24,Florida,23372215,42
8/10/24,Georgia,11180878,2
8/10/24,Maryland,6263220,0
8/10/24,North Carolina,11046024,1
8/17/24,Delaware,1051917,0
8/17/24,Florida,23372215,45
8/17/24,Georgia,11180878,2
8/17/24,Maryland,6263220,2
8/17/24,North Carolina,11046024,0
8/24/24,Delaware,1051917,0
8/24/24,Florida,23372215,41
8/24/24,Georgia,11180878,2
8/24/24,Maryland,6263220,2
8/24/24,North Carolina,11046024,0
8/31/24,Delaware,1051917,0
8/31/24,Florida,23372215,38
8/31/24,Georgia,11180878,3
8/31/24,Maryland,6263220,0
8/31/24,North Carolina,11046024,0
9/7/24,Delaware,1051917,1
9/7/24,Florida,23372215,55
9/7/24,Georgia,11180878,0
9/7/24,Maryland,6263220,0
9/7/24,North Carolina,11046024,0
9/14/24,Delaware,1051917,0
9/14/24,Florida,23372215,79
9/14/24,Georgia,11180878,3
9/14/24,Maryland,6263220,3
9/14/24,North Carolina,11046024,0
9/21/24,Delaware,1051917,0
9/21/24,Florida,23372215,44
9/21/24,Georgia,11180878,5
9/21/24,Maryland,6263220,5
9/21/24,North Carolina,11046024,0
9/28/24,Delaware,1051917,0
9/28/24,Florida,23372215,46
9/28/24,Georgia,11180878,2
9/28/24,Maryland,6263220,1
9/28/24,North Carolina,11046024,0
10/5/24,Delaware,1051917,0
10/5/24,Florida,23372215,53
10/5/24,Georgia,11180878,1
10/5/24,Maryland,6263220,1
10/5/24,North Carolina,11046024,0
10/12/24,Delaware,1051917,0
10/12/24,Florida,23372215,17
10/12/24,Georgia,11180878,0
10/12/24,Maryland,6263220,0
10/12/24,North Carolina,11046024,77
10/19/24,Delaware,1051917,0
10/19/24,Florida,23372215,134
10/19/24,Georgia,11180878,5
10/19/24,Maryland,6263220,2
10/19/24,North Carolina,11046024,48
10/26/24,Delaware,1051917,0
10/26/24,Florida,23372215,114
10/26/24,Georgia,11180878,8
10/26/24,Maryland,6263220,0
10/26/24,North Carolina,11046024,47
11/2/24,Delaware,1051917,0
11/2/24,Florida,23372215,114
11/2/24,Georgia,11180878,14
11/2/24,Maryland,6263220,4
11/2/24,North Carolina,11046024,14
11/9/24,Delaware,1051917,1
11/9/24,Florida,23372215,365
11/9/24,Georgia,11180878,42
11/9/24,Maryland,6263220,9
11/9/24,North Carolina,11046024,27
11/16/24,Delaware,1051917,4
11/16/24,Florida,23372215,386
11/16/24,Georgia,11180878,44
11/16/24,Maryland,6263220,11
11/16/24,North Carolina,11046024,38
11/23/24,Delaware,1051917,7
11/23/24,Florida,23372215,443
11/23/24,Georgia,11180878,48
11/23/24,Maryland,6263220,16
11/23/24,North Carolina,11046024,31
11/30/24,Delaware,1051917,5
11/30/24,Florida,23372215,612
11/30/24,Georgia,11180878,56
11/30/24,Maryland,6263220,21
11/30/24,North Carolina,11046024,43
12/7/24,Delaware,1051917,15
12/7/24,Florida,23372215,714
12/7/24,Georgia,11180878,88
12/7/24,Maryland,6263220,37
12/7/24,North Carolina,11046024,65
12/14/24,Delaware,1051917,15
12/14/24,Florida,23372215,891
12/14/24,Georgia,11180878,215
12/14/24,Maryland,6263220,73
12/14/24,North Carolina,11046024,176
12/21/24,Delaware,1051917,43
12/21/24,Florida,23372215,1261
12/21/24,Georgia,11180878,397
12/21/24,Maryland,6263220,131
12/21/24,North Carolina,11046024,297
12/28/24,Delaware,1051917,96
12/28/24,Florida,23372215,2077
12/28/24,Georgia,11180878,800
12/28/24,Maryland,6263220,195
12/28/24,North Carolina,11046024,630
1/4/25,Delaware,1051917,185
1/4/25,Florida,23372215,2871
1/4/25,Georgia,11180878,1144
1/4/25,Maryland,6263220,457
1/4/25,North Carolina,11046024,960
1/11/25,Delaware,1051917,108
1/11/25,Florida,23372215,2454
1/11/25,Georgia,11180878,823
1/11/25,Maryland,6263220,372
1/11/25,North Carolina,11046024,855
1/18/25,Delaware,1051917,94
1/18/25,Florida,23372215,2708
1/18/25,Georgia,11180878,992
1/18/25,Maryland,6263220,466
1/18/25,North Carolina,11046024,1150
1/25/25,Delaware,1051917,117
1/25/25,Florida,23372215,3241
1/25/25,Georgia,11180878,1195
1/25/25,Maryland,6263220,611
1/25/25,North Carolina,11046024,1622
2/1/25,Delaware,1051917,198
2/1/25,Florida,23372215,3787
2/1/25,Georgia,11180878,1373
2/1/25,Maryland,6263220,810
2/1/25,North Carolina,11046024,2155
2/8/25,Delaware,1051917,231
2/8/25,Florida,23372215,3349
2/8/25,Georgia,11180878,1301
2/8/25,Maryland,6263220,1086
2/8/25,North Carolina,11046024,2377
2/15/25,Delaware,1051917,230
2/15/25,Florida,23372215,2614
2/15/25,Georgia,11180878,744
2/15/25,Maryland,6263220,1081
2/15/25,North Carolina,11046024,1768
2/22/25,Delaware,1051917,164
2/22/25,Florida,23372215,2076
2/22/25,Georgia,11180878,461
2/22/25,Maryland,6263220,764
2/22/25,North Carolina,11046024,1228
3/1/25,Delaware,1051917,125
3/1/25,Florida,23372215,1630
3/1/25,Georgia,11180878,437
3/1/25,Maryland,6263220,548
3/1/25,North Carolina,11046024,960
3/8/25,Delaware,1051917,81
3/8/25,Florida,23372215,1322
3/8/25,Georgia,11180878,396
3/8/25,Maryland,6263220,379
3/8/25,North Carolina,11046024,857
3/15/25,Delaware,1051917,64
3/15/25,Florida,23372215,1107
3/15/25,Georgia,11180878,365
3/15/25,Maryland,6263220,291
3/15/25,North Carolina,11046024,687
3/22/25,Delaware,1051917,48
3/22/25,Florida,23372215,920
3/22/25,Georgia,11180878,235
3/22/25,Maryland,6263220,210
3/22/25,North Carolina,11046024,444
3/29/25,Delaware,1051917,34
3/29/25,Florida,23372215,724
3/29/25,Georgia,11180878,190
3/29/25,Maryland,6263220,135
3/29/25,North Carolina,11046024,312
4/5/25,Delaware,1051917,24
4/5/25,Florida,23372215,591
4/5/25,Georgia,11180878,162
4/5/25,Maryland,6263220,129
4/5/25,North Carolina,11046024,192
4/12/25,Delaware,1051917,14
4/12/25,Florida,23372215,409
4/12/25,Georgia,11180878,84
4/12/25,Maryland,6263220,94
4/12/25,North Carolina,11046024,103
4/19/25,Delaware,1051917,10
4/19/25,Florida,23372215,343
4/19/25,Georgia,11180878,64
4/19/25,Maryland,6263220,62
4/19/25,North Carolina,11046024,64
4/26/25,Delaware,1051917,4
4/26/25,Florida,23372215,268
4/26/25,Georgia,11180878,44
4/26/25,Maryland,6263220,47
4/26/25,North Carolina,11046024,51
5/3/25,Delaware,1051917,10
5/3/25,Florida,23372215,241
5/3/25,Georgia,11180878,44
5/3/25,Maryland,6263220,41
5/3/25,North Carolina,11046024,41
5/10/25,Delaware,1051917,5
5/10/25,Florida,23372215,239
5/10/25,Georgia,11180878,44
5/10/25,Maryland,6263220,21
5/10/25,North Carolina,11046024,28
5/17/25,Delaware,1051917,0
5/17/25,Florida,23372215,219
5/17/25,Georgia,11180878,34
5/17/25,Maryland,6263220,10
5/17/25,North Carolina,11046024,19
5/24/25,Delaware,1051917,1
5/24/25,Florida,23372215,215
5/24/25,Georgia,11180878,21
5/24/25,Maryland,6263220,26
5/24/25,North Carolina,11046024,19
5/31/25,Delaware,1051917,0
5/31/25,Florida,23372215,232
5/31/25,Georgia,11180878,26
5/31/25,Maryland,6263220,38
5/31/25,North Carolina,11046024,19
6/7/25,Delaware,1051917,0
6/7/25,Florida,23372215,212
6/7/25,Georgia,11180878,28
6/7/25,Maryland,6263220,34
6/7/25,North Carolina,11046024,25
6/14/25,Delaware,1051917,5
6/14/25,Florida,23372215,227
6/14/25,Georgia,11180878,31
6/14/25,Maryland,6263220,13
6/14/25,North Carolina,11046024,18
6/21/25,Delaware,1051917,3
6/21/25,Florida,23372215,217
6/21/25,Georgia,11180878,18
6/21/25,Maryland,6263220,6
6/21/25,North Carolina,11046024,23
6/28/25,Delaware,1051917,1
6/28/25,Florida,23372215,193
6/28/25,Georgia,11180878,24
6/28/25,Maryland,6263220,6
6/28/25,North Carolina,11046024,26
7/5/25,Delaware,1051917,3
7/5/25,Florida,23372215,181
7/5/25,Georgia,11180878,9
7/5/25,Maryland,6263220,7
7/5/25,North Carolina,11046024,16
7/12/25,Delaware,1051917,2
7/12/25,Florida,23372215,177
7/12/25,Georgia,11180878,17
7/12/25,Maryland,6263220,4
7/12/25,North Carolina,11046024,12
7/19/25,Delaware,1051917,1
7/19/25,Florida,23372215,170
7/19/25,Georgia,11180878,21
7/19/25,Maryland,6263220,4
7/19/25,North Carolina,11046024,12
7/26/25,Delaware,1051917,0
7/26/25,Florida,23372215,173
7/26/25,Georgia,11180878,14
7/26/25,Maryland,6263220,18
7/26/25,North Carolina,11046024,14
8/2/25,Delaware,1051917,0
8/2/25,Florida,23372215,151
8/2/25,Georgia,11180878,22
8/2/25,Maryland,6263220,6
8/2/25,North Carolina,11046024,13
8/9/25,Delaware,1051917,0
8/9/25,Florida,23372215,132
8/9/25,Georgia,11180878,11
8/9/25,Maryland,6263220,3
8/9/25,North Carolina,11046024,12
8/16/25,Delaware,1051917,0
8/16/25,Florida,23372215,139
8/16/25,Georgia,11180878,19
8/16/25,Maryland,6263220,6
8/16/25,North Carolina,11046024,11
8/23/25,Delaware,1051917,0
8/23/25,Florida,23372215,124
8/23/25,Georgia,11180878,19
8/23/25,Maryland,6263220,7
8/23/25,North Carolina,11046024,12
8/30/25,Delaware,1051917,2
8/30/25,Florida,23372215,187
8/30/25,Georgia,11180878,19
8/30/25,Maryland,6263220,6
8/30/25,North Carolina,11046024,11
9/6/25,Delaware,1051917,0
9/6/25,Florida,23372215,185
9/6/25,Georgia,11180878,13
9/6/25,Maryland,6263220,3
9/6/25,North Carolina,11046024,11
9/13/25,Delaware,1051917,0
9/13/25,Florida,23372215,145
9/13/25,Georgia,11180878,17
9/13/25,Maryland,6263220,6
9/13/25,North Carolina,11046024,7
9/20/25,Delaware,1051917,2
9/20/25,Florida,23372215,150
9/20/25,Georgia,11180878,20
9/20/25,Maryland,6263220,6
9/20/25,North Carolina,11046024,19
9/27/25,Delaware,1051917,0
9/27/25,Florida,23372215,181
9/27/25,Georgia,11180878,22
9/27/25,Maryland,6263220,4
9/27/25,North Carolina,11046024,20
10/4/25,Delaware,1051917,1
10/4/25,Florida,23372215,142
10/4/25,Georgia,11180878,27
10/4/25,Maryland,6263220,3
10/4/25,North Carolina,11046024,19
10/11/25,Delaware,1051917,7
10/11/25,Florida,23372215,171
10/11/25,Georgia,11180878,15
10/11/25,Maryland,6263220,9
10/11/25,North Carolina,11046024,22
10/18/25,Delaware,1051917,1
10/18/25,Florida,23372215,196
10/18/25,Georgia,11180878,25
10/18/25,Maryland,6263220,6
10/18/25,North Carolina,11046024,23
10/25/25,Delaware,1051917,0
10/25/25,Florida,23372215,221
10/25/25,Georgia,11180878,32
10/25/25,Maryland,6263220,17
10/25/25,North Carolina,11046024,23
11/1/25,Delaware,1051917,3
11/1/25,Florida,23372215,236
11/1/25,Georgia,11180878,31
11/1/25,Maryland,6263220,14
11/1/25,North Carolina,11046024,28
11/8/25,Delaware,1051917,4
11/8/25,Florida,23372215,301
11/8/25,Georgia,11180878,47
11/8/25,Maryland,6263220,20
11/8/25,North Carolina,11046024,43
11/15/25,Delaware,1051917,7
11/15/25,Florida,23372215,388
11/15/25,Georgia,11180878,62
11/15/25,Maryland,6263220,35
11/15/25,North Carolina,11046024,178
11/22/25,Delaware,1051917,13
11/22/25,Florida,23372215,619
11/22/25,Georgia,11180878,106
11/22/25,Maryland,6263220,66
11/22/25,North Carolina,11046024,117
11/29/25,Delaware,1051917,13
11/29/25,Florida,23372215,729
11/29/25,Georgia,11180878,166
11/29/25,Maryland,6263220,101
11/29/25,North Carolina,11046024,163
12/6/25,Delaware,1051917,17
12/6/25,Florida,23372215,881
12/6/25,Georgia,11180878,182
12/6/25,Maryland,6263220,140
12/6/25,North Carolina,11046024,308
12/13/25,Delaware,1051917,39
12/13/25,Florida,23372215,912
12/13/25,Georgia,11180878,330
12/13/25,Maryland,6263220,242
12/13/25,North Carolina,11046024,538
12/20/25,Delaware,1051917,99
12/20/25,Florida,23372215,1536
12/20/25,Georgia,11180878,675
12/20/25,Maryland,6263220,408
12/20/25,North Carolina,11046024,1233
12/27/25,Delaware,1051917,211
12/27/25,Florida,23372215,2185
12/27/25,Georgia,11180878,1400
12/27/25,Maryland,6263220,660
12/27/25,North Carolina,11046024,2526
1/3/26,Delaware,1051917,209
1/3/26,Florida,23372215,2604
1/3/26,Georgia,11180878,1317
1/3/26,Maryland,6263220,824
1/3/26,North Carolina,11046024,2458