date,target_group,value,population
2022-01-08,Adults,102,14194251
2022-01-08,Overall,131,19116209
2022-01-08,Pediatrics,29,4921958
2022-01-15,Adults,134,14194251
2022-01-15,Overall,177,19116209
2022-01-15,Pediatrics,43,4921958
2022-01-22,Adults,148,14194251
2022-01-22,Overall,182,19116209
2022-01-22,Pediatrics,34,4921958
2022-01-29,Adults,184,14194251
2022-01-29,Overall,210,19116209
2022-01-29,Pediatrics,26,4921958
2022-02-05,Adults,198,14194251
2022-02-05,Overall,234,19116209
2022-02-05,Pediatrics,36,4921958
2022-02-12,Adults,190,14194251
2022-02-12,Overall,209,19116209
2022-02-12,Pediatrics,19,4921958
2022-02-19,Adults,192,14194251
2022-02-19,Overall,219,19116209
2022-02-19,Pediatrics,27,4921958
2022-02-26,Adults,162,14194251
2022-02-26,Overall,181,19116209
2022-02-26,Pediatrics,19,4921958
2022-03-05,Adults,124,14194251
2022-03-05,Overall,140,19116209
2022-03-05,Pediatrics,16,4921958
2022-03-12,Adults,96,14194251
2022-03-12,Overall,122,19116209
2022-03-12,Pediatrics,26,4921958
2022-03-19,Adults,101,14194251
2022-03-19,Overall,140,19116209
2022-03-19,Pediatrics,39,4921958
2022-03-26,Adults,79,14194251
2022-03-26,Overall,118,19116209
2022-03-26,Pediatrics,39,4921958
2022-04-02,Adults,71,14194251
2022-04-02,Overall,121,19116209
2022-04-02,Pediatrics,50,4921958
2022-04-09,Adults,62,14194251
2022-04-09,Overall,103,19116209
2022-04-09,Pediatrics,41,4921958
2022-04-16,Adults,64,14194251
2022-04-16,Overall,117,19116209
2022-04-16,Pediatrics,53,4921958
2022-04-23,Adults,69,14194251
2022-04-23,Overall,143,19116209
2022-04-23,Pediatrics,74,4921958
2022-04-30,Adults,78,14194251
2022-04-30,Overall,174,19116209
2022-04-30,Pediatrics,96,4921958
2022-05-07,Adults,103,14194251
2022-05-07,Overall,222,19116209
2022-05-07,Pediatrics,119,4921958
2022-05-14,Adults,97,14194251
2022-05-14,Overall,213,19116209
2022-05-14,Pediatrics,116,4921958
2022-05-21,Adults,109,14194251
2022-05-21,Overall,239,19116209
2022-05-21,Pediatrics,130,4921958
2022-05-28,Adults,112,14194251
2022-05-28,Overall,231,19116209
2022-05-28,Pediatrics,119,4921958
2022-06-04,Adults,124,14194251
2022-06-04,Overall,266,19116209
2022-06-04,Pediatrics,142,4921958
2022-06-11,Adults,98,14194251
2022-06-11,Overall,256,19116209
2022-06-11,Pediatrics,158,4921958
2022-06-18,Adults,103,14194251
2022-06-18,Overall,257,19116209
2022-06-18,Pediatrics,154,4921958
2022-06-25,Adults,112,14194251
2022-06-25,Overall,266,19116209
2022-06-25,Pediatrics,154,4921958
2022-07-02,Adults,123,14194251
2022-07-02,Overall,239,19116209
2022-07-02,Pediatrics,116,4921958
2022-07-09,Adults,110,14194251
2022-07-09,Overall,209,19116209
2022-07-09,Pediatrics,99,4921958
2022-07-16,Adults,123,14194251
2022-07-16,Overall,201,19116209
2022-07-16,Pediatrics,78,4921958
2022-07-23,Adults,102,14194251
2022-07-23,Overall,159,19116209
2022-07-23,Pediatrics,57,4921958
2022-07-30,Adults,102,14194251
2022-07-30,Overall,165,19116209
2022-07-30,Pediatrics,63,4921958
2022-08-06,Adults,91,14194251
2022-08-06,Overall,171,19116209
2022-08-06,Pediatrics,80,4921958
2022-08-13,Adults,98,14194251
2022-08-13,Overall,209,19116209
2022-08-13,Pediatrics,111,4921958
2022-08-20,Adults,96,14194251
2022-08-20,Overall,175,19116209
2022-08-20,Pediatrics,79,4921958
2022-08-27,Adults,88,14194251
2022-08-27,Overall,180,19116209
2022-08-27,Pediatrics,92,4921958
2022-09-03,Adults,100,14194251
2022-09-03,Overall,198,19116209
2022-09-03,Pediatrics,98,4921958
2022-09-10,Adults,96,14194251
2022-09-10,Overall,186,19116209
2022-09-10,Pediatrics,90,4921958
2022-09-17,Adults,70,14194251
2022-09-17,Overall,129,19116209
2022-09-17,Pediatrics,59,4921958
2022-09-24,Adults,81,14194251
2022-09-24,Overall,139,19116209
2022-09-24,Pediatrics,58,4921958
2022-10-01,Adults,90,14194251
2022-10-01,Overall,154,19116209
2022-10-01,Pediatrics,64,4921958
2022-10-08,Adults,83,14194251
2022-10-08,Overall,153,19116209
2022-10-08,Pediatrics,70,4921958
2022-10-15,Adults,89,14194251
2022-10-15,Overall,165,19116209
2022-10-15,Pediatrics,76,4921958
2022-10-22,Adults,90,14194251
2022-10-22,Overall,166,19116209
2022-10-22,Pediatrics,76,4921958
2022-10-29,Adults,111,14194251
2022-10-29,Overall,197,19116209
2022-10-29,Pediatrics,86,4921958
2022-11-05,Adults,114,14194251
2022-11-05,Overall,194,19116209
2022-11-05,Pediatrics,80,4921958
2022-11-12,Adults,112,14194251
2022-11-12,Overall,183,19116209
2022-11-12,Pediatrics,71,4921958
2022-11-19,Adults,96,14194251
2022-11-19,Overall,190,19116209
2022-11-19,Pediatrics,94,4921958
2022-11-26,Adults,83,14194251
2022-11-26,Overall,165,19116209
2022-11-26,Pediatrics,82,4921958
2022-12-03,Adults,99,14194251
2022-12-03,Overall,197,19116209
2022-12-03,Pediatrics,98,4921958
2022-12-10,Adults,95,14194251
2022-12-10,Overall,189,19116209
2022-12-10,Pediatrics,94,4921958
2022-12-17,Adults,93,14194251
2022-12-17,Overall,181,19116209
2022-12-17,Pediatrics,88,4921958
2022-12-24,Adults,91,14194251
2022-12-24,Overall,163,19116209
2022-12-24,Pediatrics,72,4921958
2022-12-31,Adults,72,14194251
2022-12-31,Overall,129,19116209
2022-12-31,Pediatrics,57,4921958
2023-01-07,Adults,87,14194251
2023-01-07,Overall,141,19116209
2023-01-07,Pediatrics,54,4921958
2023-01-14,Adults,92,14194251
2023-01-14,Overall,137,19116209
2023-01-14,Pediatrics,45,4921958
2023-01-21,Adults,72,14194251
2023-01-21,Overall,107,19116209
2023-01-21,Pediatrics,35,4921958
2023-01-28,Adults,54,14194251
2023-01-28,Overall,94,19116209
2023-01-28,Pediatrics,40,4921958
2023-02-04,Adults,74,14194251
2023-02-04,Overall,108,19116209
2023-02-04,Pediatrics,34,4921958
2023-02-11,Adults,70,14194251
2023-02-11,Overall,95,19116209
2023-02-11,Pediatrics,25,4921958
2023-02-18,Adults,72,14194251
2023-02-18,Overall,115,19116209
2023-02-18,Pediatrics,43,4921958
2023-02-25,Adults,77,14194251
2023-02-25,Overall,124,19116209
2023-02-25,Pediatrics,47,4921958
2023-03-04,Adults,66,14194251
2023-03-04,Overall,110,19116209
2023-03-04,Pediatrics,44,4921958
2023-03-11,Adults,81,14194251
2023-03-11,Overall,181,19116209
2023-03-11,Pediatrics,100,4921958
2023-03-18,Adults,85,14194251
2023-03-18,Overall,215,19116209
2023-03-18,Pediatrics,130,4921958
2023-03-25,Adults,92,14194251
2023-03-25,Overall,186,19116209
2023-03-25,Pediatrics,94,4921958
2023-04-01,Adults,111,14194251
2023-04-01,Overall,183,19116209
2023-04-01,Pediatrics,72,4921958
2023-04-08,Adults,99,14194251
2023-04-08,Overall,182,19116209
2023-04-08,Pediatrics,83,4921958
2023-04-15,Adults,72,14194251
2023-04-15,Overall,160,19116209
2023-04-15,Pediatrics,88,4921958
2023-04-22,Adults,83,14194251
2023-04-22,Overall,221,19116209
2023-04-22,Pediatrics,138,4921958
2023-04-29,Adults,91,14194251
2023-04-29,Overall,236,19116209
2023-04-29,Pediatrics,145,4921958
2023-05-06,Adults,142,14194251
2023-05-06,Overall,350,19116209
2023-05-06,Pediatrics,208,4921958
2023-05-13,Adults,135,14194251
2023-05-13,Overall,370,19116209
2023-05-13,Pediatrics,235,4921958
2023-05-20,Adults,145,14194251
2023-05-20,Overall,409,19116209
2023-05-20,Pediatrics,264,4921958
2023-05-27,Adults,123,14194251
2023-05-27,Overall,434,19116209
2023-05-27,Pediatrics,311,4921958
2023-06-03,Adults,145,14194251
2023-06-03,Overall,457,19116209
2023-06-03,Pediatrics,312,4921958
2023-06-10,Adults,149,14194251
2023-06-10,Overall,470,19116209
2023-06-10,Pediatrics,321,4921958
2023-06-17,Adults,119,14194251
2023-06-17,Overall,421,19116209
2023-06-17,Pediatrics,302,4921958
2023-06-24,Adults,115,14194251
2023-06-24,Overall,325,19116209
2023-06-24,Pediatrics,210,4921958
2023-07-01,Adults,122,14194251
2023-07-01,Overall,283,19116209
2023-07-01,Pediatrics,161,4921958
2023-07-08,Adults,112,14194251
2023-07-08,Overall,217,19116209
2023-07-08,Pediatrics,105,4921958
2023-07-15,Adults,115,14194251
2023-07-15,Overall,208,19116209
2023-07-15,Pediatrics,93,4921958
2023-07-22,Adults,132,14194251
2023-07-22,Overall,214,19116209
2023-07-22,Pediatrics,82,4921958
2023-07-29,Adults,107,14194251
2023-07-29,Overall,216,19116209
2023-07-29,Pediatrics,109,4921958
2023-08-05,Adults,110,14194251
2023-08-05,Overall,222,19116209
2023-08-05,Pediatrics,112,4921958
2023-08-12,Adults,100,14194251
2023-08-12,Overall,230,19116209
2023-08-12,Pediatrics,130,4921958
2023-08-19,Adults,103,14194251
2023-08-19,Overall,222,19116209
2023-08-19,Pediatrics,119,4921958
2023-08-26,Adults,102,14194251
2023-08-26,Overall,210,19116209
2023-08-26,Pediatrics,108,4921958
2023-09-02,Adults,110,14194251
2023-09-02,Overall,228,19116209
2023-09-02,Pediatrics,118,4921958
2023-09-09,Adults,114,14194251
2023-09-09,Overall,254,19116209
2023-09-09,Pediatrics,140,4921958
2023-09-16,Adults,124,14194251
2023-09-16,Overall,247,19116209
2023-09-16,Pediatrics,123,4921958
2023-09-23,Adults,107,14194251
2023-09-23,Overall,218,19116209
2023-09-23,Pediatrics,111,4921958
2023-09-30,Adults,129,14194251
2023-09-30,Overall,231,19116209
2023-09-30,Pediatrics,102,4921958
2023-10-07,Adults,137,14194251
2023-10-07,Overall,250,19116209
2023-10-07,Pediatrics,113,4921958
2023-10-14,Adults,126,14194251
2023-10-14,Overall,253,19116209
2023-10-14,Pediatrics,127,4921958
2023-10-21,Adults,127,14194251
2023-10-21,Overall,257,19116209
2023-10-21,Pediatrics,130,4921958
2023-10-28,Adults,124,14194251
2023-10-28,Overall,226,19116209
2023-10-28,Pediatrics,102,4921958
2023-11-04,Adults,120,14194251
2023-11-04,Overall,227,19116209
2023-11-04,Pediatrics,107,4921958
2023-11-11,Adults,111,14194251
2023-11-11,Overall,211,19116209
2023-11-11,Pediatrics,100,4921958
2023-11-18,Adults,117,14194251
2023-11-18,Overall,232,19116209
2023-11-18,Pediatrics,115,4921958
2023-11-25,Adults,114,14194251
2023-11-25,Overall,204,19116209
2023-11-25,Pediatrics,90,4921958
2023-12-02,Adults,107,14194251
2023-12-02,Overall,187,19116209
2023-12-02,Pediatrics,80,4921958
2023-12-09,Adults,100,14194251
2023-12-09,Overall,187,19116209
2023-12-09,Pediatrics,87,4921958
2023-12-16,Adults,87,14194251
2023-12-16,Overall,162,19116209
2023-12-16,Pediatrics,75,4921958
2023-12-23,Adults,99,14194251
2023-12-23,Overall,148,19116209
2023-12-23,Pediatrics,49,4921958
2023-12-30,Adults,69,14194251
2023-12-30,Overall,105,19116209
2023-12-30,Pediatrics,36,4921958
2024-01-06,Adults,84,14194251
2024-01-06,Overall,142,19116209
2024-01-06,Pediatrics,58,4921958
2024-01-13,Adults,81,14194251
2024-01-13,Overall,124,19116209
2024-01-13,Pediatrics,43,4921958
2024-01-20,Adults,74,14194251
2024-01-20,Overall,107,19116209
2024-01-20,Pediatrics,33,4921958
2024-01-27,Adults,62,14194251
2024-01-27,Overall,86,19116209
2024-01-27,Pediatrics,24,4921958
2024-02-03,Adults,87,14194251
2024-02-03,Overall,118,19116209
2024-02-03,Pediatrics,31,4921958
2024-02-10,Adults,76,14194251
2024-02-10,Overall,106,19116209
2024-02-10,Pediatrics,30,4921958
2024-02-17,Adults,100,14194251
2024-02-17,Overall,123,19116209
2024-02-17,Pediatrics,23,4921958
2024-02-24,Adults,98,14194251
2024-02-24,Overall,114,19116209
2024-02-24,Pediatrics,16,4921958
2024-03-02,Adults,97,14194251
2024-03-02,Overall,123,19116209
2024-03-02,Pediatrics,26,4921958
2024-03-09,Adults,83,14194251
2024-03-09,Overall,113,19116209
2024-03-09,Pediatrics,30,4921958
2024-03-16,Adults,94,14194251
2024-03-16,Overall,183,19116209
2024-03-16,Pediatrics,89,4921958
2024-03-23,Adults,106,14194251
2024-03-23,Overall,222,19116209
2024-03-23,Pediatrics,116,4921958
2024-03-30,Adults,104,14194251
2024-03-30,Overall,186,19116209
2024-03-30,Pediatrics,82,4921958
2024-04-06,Adults,113,14194251
2024-04-06,Overall,178,19116209
2024-04-06,Pediatrics,65,4921958
2024-04-13,Adults,118,14194251
2024-04-13,Overall,196,19116209
2024-04-13,Pediatrics,78,4921958
2024-04-20,Adults,141,14194251
2024-04-20,Overall,238,19116209
2024-04-20,Pediatrics,97,4921958
2024-04-27,Adults,150,14194251
2024-04-27,Overall,248,19116209
2024-04-27,Pediatrics,98,4921958
2024-05-04,Adults,159,14194251
2024-05-04,Overall,276,19116209
2024-05-04,Pediatrics,117,4921958
2024-05-11,Adults,205,14194251
2024-05-11,Overall,320,19116209
2024-05-11,Pediatrics,115,4921958
2024-05-18,Adults,239,14194251
2024-05-18,Overall,366,19116209
2024-05-18,Pediatrics,127,4921958
2024-05-25,Adults,272,14194251
2024-05-25,Overall,386,19116209
2024-05-25,Pediatrics,114,4921958
2024-06-01,Adults,188,14194251
2024-06-01,Overall,318,19116209
2024-06-01,Pediatrics,130,4921958
2024-06-08,Adults,178,14194251
2024-06-08,Overall,303,19116209
2024-06-08,Pediatrics,125,4921958
2024-06-15,Adults,167,14194251
2024-06-15,Overall,298,19116209
2024-06-15,Pediatrics,131,4921958
2024-06-22,Adults,148,14194251
2024-06-22,Overall,280,19116209
2024-06-22,Pediatrics,132,4921958
2024-06-29,Adults,133,14194251
2024-06-29,Overall,241,19116209
2024-06-29,Pediatrics,108,4921958
2024-07-06,Adults,168,14194251
2024-07-06,Overall,253,19116209
2024-07-06,Pediatrics,85,4921958
2024-07-13,Adults,141,14194251
2024-07-13,Overall,253,19116209
2024-07-13,Pediatrics,112,4921958
2024-07-20,Adults,154,14194251
2024-07-20,Overall,292,19116209
2024-07-20,Pediatrics,138,4921958
2024-07-27,Adults,197,14194251
2024-07-27,Overall,391,19116209
2024-07-27,Pediatrics,194,4921958
2024-08-03,Adults,165,14194251
2024-08-03,Overall,381,19116209
2024-08-03,Pediatrics,216,4921958
2024-08-10,Adults,201,14194251
2024-08-10,Overall,404,19116209
2024-08-10,Pediatrics,203,4921958
2024-08-17,Adults,185,14194251
2024-08-17,Overall,406,19116209
2024-08-17,Pediatrics,221,4921958
2024-08-24,Adults,202,14194251
2024-08-24,Overall,436,19116209
2024-08-24,Pediatrics,234,4921958
2024-08-31,Adults,156,14194251
2024-08-31,Overall,347,19116209
2024-08-31,Pediatrics,191,4921958
2024-09-07,Adults,158,14194251
2024-09-07,Overall,366,19116209
2024-09-07,Pediatrics,208,4921958
2024-09-14,Adults,173,14194251
2024-09-14,Overall,349,19116209
2024-09-14,Pediatrics,176,4921958
2024-09-21,Adults,183,14194251
2024-09-21,Overall,343,19116209
2024-09-21,Pediatrics,160,4921958
2024-09-28,Adults,195,14194251
2024-09-28,Overall,334,19116209
2024-09-28,Pediatrics,139,4921958
2024-10-05,Adults,179,14194251
2024-10-05,Overall,334,19116209
2024-10-05,Pediatrics,155,4921958
2024-10-12,Adults,151,14194251
2024-10-12,Overall,325,19116209
2024-10-12,Pediatrics,174,4921958
2024-10-19,Adults,152,14194251
2024-10-19,Overall,346,19116209
2024-10-19,Pediatrics,194,4921958
2024-10-26,Adults,136,14194251
2024-10-26,Overall,287,19116209
2024-10-26,Pediatrics,151,4921958
2024-11-02,Adults,156,14194251
2024-11-02,Overall,320,19116209
2024-11-02,Pediatrics,164,4921958
2024-11-09,Adults,145,14194251
2024-11-09,Overall,293,19116209
2024-11-09,Pediatrics,148,4921958
2024-11-16,Adults,147,14194251
2024-11-16,Overall,282,19116209
2024-11-16,Pediatrics,135,4921958
2024-11-23,Adults,170,14194251
2024-11-23,Overall,322,19116209
2024-11-23,Pediatrics,152,4921958
2024-11-30,Adults,142,14194251
2024-11-30,Overall,259,19116209
2024-11-30,Pediatrics,117,4921958
2024-12-07,Adults,152,14194251
2024-12-07,Overall,279,19116209
2024-12-07,Pediatrics,127,4921958
2024-12-14,Adults,114,14194251
2024-12-14,Overall,213,19116209
2024-12-14,Pediatrics,99,4921958
2024-12-21,Adults,109,14194251
2024-12-21,Overall,173,19116209
2024-12-21,Pediatrics,64,4921958
2024-12-28,Adults,74,14194251
2024-12-28,Overall,104,19116209
2024-12-28,Pediatrics,30,4921958
2025-01-04,Adults,109,14194251
2025-01-04,Overall,143,19116209
2025-01-04,Pediatrics,34,4921958
2025-01-11,Adults,100,14194251
2025-01-11,Overall,130,19116209
2025-01-11,Pediatrics,30,4921958
2025-01-18,Adults,81,14194251
2025-01-18,Overall,103,19116209
2025-01-18,Pediatrics,22,4921958
2025-01-25,Adults,88,14194251
2025-01-25,Overall,109,19116209
2025-01-25,Pediatrics,21,4921958
2025-02-01,Adults,79,14194251
2025-02-01,Overall,95,19116209
2025-02-01,Pediatrics,16,4921958
2025-02-08,Adults,65,14194251
2025-02-08,Overall,84,19116209
2025-02-08,Pediatrics,19,4921958
2025-02-15,Adults,68,14194251
2025-02-15,Overall,84,19116209
2025-02-15,Pediatrics,16,4921958
2025-02-22,Adults,91,14194251
2025-02-22,Overall,117,19116209
2025-02-22,Pediatrics,26,4921958
2025-03-01,Adults,60,14194251
2025-03-01,Overall,82,19116209
2025-03-01,Pediatrics,22,4921958
2025-03-08,Adults,99,14194251
2025-03-08,Overall,131,19116209
2025-03-08,Pediatrics,32,4921958
2025-03-15,Adults,93,14194251
2025-03-15,Overall,200,19116209
2025-03-15,Pediatrics,107,4921958
2025-03-22,Adults,107,14194251
2025-03-22,Overall,243,19116209
2025-03-22,Pediatrics,136,4921958
2025-03-29,Adults,139,14194251
2025-03-29,Overall,233,19116209
2025-03-29,Pediatrics,94,4921958
2025-04-05,Adults,169,14194251
2025-04-05,Overall,259,19116209
2025-04-05,Pediatrics,90,4921958
2025-04-12,Adults,190,14194251
2025-04-12,Overall,257,19116209
2025-04-12,Pediatrics,67,4921958
2025-04-19,Adults,185,14194251
2025-04-19,Overall,276,19116209
2025-04-19,Pediatrics,91,4921958
2025-04-26,Adults,206,14194251
2025-04-26,Overall,306,19116209
2025-04-26,Pediatrics,100,4921958
2025-05-03,Adults,224,14194251
2025-05-03,Overall,346,19116209
2025-05-03,Pediatrics,122,4921958
2025-05-10,Adults,215,14194251
2025-05-10,Overall,327,19116209
2025-05-10,Pediatrics,112,4921958
2025-05-17,Adults,221,14194251
2025-05-17,Overall,368,19116209
2025-05-17,Pediatrics,147,4921958
2025-05-24,Adults,204,14194251
2025-05-24,Overall,348,19116209
2025-05-24,Pediatrics,144,4921958
2025-05-31,Adults,217,14194251
2025-05-31,Overall,353,19116209
2025-05-31,Pediatrics,136,4921958
2025-06-07,Adults,217,14194251
2025-06-07,Overall,399,19116209
2025-06-07,Pediatrics,182,4921958
2025-06-14,Adults,223,14194251
2025-06-14,Overall,399,19116209
2025-06-14,Pediatrics,176,4921958
2025-06-21,Adults,209,14194251
2025-06-21,Overall,391,19116209
2025-06-21,Pediatrics,182,4921958
2025-06-28,Adults,206,14194251
2025-06-28,Overall,341,19116209
2025-06-28,Pediatrics,135,4921958
2025-07-05,Adults,183,14194251
2025-07-05,Overall,309,19116209
2025-07-05,Pediatrics,126,4921958
2025-07-12,Adults,157,14194251
2025-07-12,Overall,277,19116209
2025-07-12,Pediatrics,120,4921958
2025-07-19,Adults,150,14194251
2025-07-19,Overall,311,19116209
2025-07-19,Pediatrics,161,4921958
2025-07-26,Adults,151,14194251
2025-07-26,Overall,363,19116209
2025-07-26,Pediatrics,212,4921958
2025-08-02,Adults,141,14194251
2025-08-02,Overall,341,19116209
2025-08-02,Pediatrics,200,4921958
2025-08-09,Adults,137,14194251
2025-08-09,Overall,365,19116209
2025-08-09,Pediatrics,228,4921958
2025-08-16,Adults,133,14194251
2025-08-16,Overall,367,19116209
2025-08-16,Pediatrics,234,4921958
2025-08-23,Adults,142,14194251
2025-08-23,Overall,314,19116209
2025-08-23,Pediatrics,172,4921958
2025-08-30,Adults,146,14194251
2025-08-30,Overall,318,19116209
2025-08-30,Pediatrics,172,4921958
2025-09-06,Adults,148,14194251
2025-09-06,Overall,335,19116209
2025-09-06,Pediatrics,187,4921958
2025-09-13,Adults,170,14194251
2025-09-13,Overall,370,19116209
2025-09-13,Pediatrics,200,4921958
2025-09-20,Adults,152,14194251
2025-09-20,Overall,300,19116209
2025-09-20,Pediatrics,148,4921958
2025-09-27,Adults,156,14194251
2025-09-27,Overall,270,19116209
2025-09-27,Pediatrics,114,4921958
2025-10-04,Adults,168,14194251
2025-10-04,Overall,307,19116209
2025-10-04,Pediatrics,139,4921958
2025-10-11,Adults,169,14194251
2025-10-11,Overall,312,19116209
2025-10-11,Pediatrics,143,4921958
2025-10-18,Adults,153,14194251
2025-10-18,Overall,291,19116209
2025-10-18,Pediatrics,138,4921958
2025-10-25,Adults,159,14194251
2025-10-25,Overall,284,19116209
2025-10-25,Pediatrics,125,4921958
2025-11-01,Adults,148,14194251
2025-11-01,Overall,233,19116209
2025-11-01,Pediatrics,85,4921958
2025-11-08,Adults,146,14194251
2025-11-08,Overall,265,19116209
2025-11-08,Pediatrics,119,4921958
2025-11-15,Adults,148,14194251
2025-11-15,Overall,280,19116209
2025-11-15,Pediatrics,132,4921958
2025-11-22,Adults,129,14194251
2025-11-22,Overall,246,19116209
2025-11-22,Pediatrics,117,4921958
2025-11-29,Adults,132,14194251
2025-11-29,Overall,217,19116209
2025-11-29,Pediatrics,85,4921958
2025-12-06,Adults,118,14194251
2025-12-06,Overall,217,19116209
2025-12-06,Pediatrics,99,4921958
2025-12-13,Adults,116,14194251
2025-12-13,Overall,210,19116209
2025-12-13,Pediatrics,94,4921958
2025-12-20,Adults,122,14194251
2025-12-20,Overall,195,19116209
2025-12-20,Pediatrics,73,4921958
2025-12-27,Adults,92,14194251
2025-12-27,Overall,146,19116209
2025-12-27,Pediatrics,54,4921958
2026-01-03,Adults,49,14194251
2026-01-03,Overall,83,19116209
2026-01-03,Pediatrics,34,4921958
2026-01-10,Adults,92,14194251
2026-01-10,Overall,133,19116209
2026-01-10,Pediatrics,41,4921958
2026-01-17,Adults,94,14194251
2026-01-17,Overall,118,19116209
2026-01-17,Pediatrics,24,4921958
2026-01-24,Adults,92,14194251
2026-01-24,Overall,120,19116209
2026-01-24,Pediatrics,28,4921958
2026-01-31,Adults,88,14194251
2026-01-31,Overall,108,19116209
2026-01-31,Pediatrics,20,4921958
2026-02-07,Adults,98,14194251
2026-02-07,Overall,116,19116209
2026-02-07,Pediatrics,18,4921958
2026-02-14,Adults,97,14194251
2026-02-14,Overall,126,19116209
2026-02-14,Pediatrics,29,4921958
2026-02-21,Adults,85,14194251
2026-02-21,Overall,113,19116209
2026-02-21,Pediatrics,28,4921958
2026-02-28,Adults,92,14194251
2026-02-28,Overall,113,19116209
2026-02-28,Pediatrics,21,4921958
2026-03-07,Adults,100,14194251
2026-03-07,Overall,153,19116209
2026-03-07,Pediatrics,53,4921958
2026-03-14,Adults,93,14194251
2026-03-14,Overall,197,19116209
2026-03-14,Pediatrics,104,4921958
2026-03-21,Adults,102,14194251
2026-03-21,Overall,218,19116209
2026-03-21,Pediatrics,116,4921958
2026-03-28,Adults,112,14194251
2026-03-28,Overall,187,19116209
2026-03-28,Pediatrics,75,4921958
2026-04-04,Adults,158,14194251
2026-04-04,Overall,246,19116209
2026-04-04,Pediatrics,88,4921958
2026-04-11,Adults,115,14194251
2026-04-11,Overall,200,19116209
2026-04-11,Pediatrics,85,4921958
2026-04-18,Adults,117,14194251
2026-04-18,Overall,203,19116209
2026-04-18,Pediatrics,86,4921958
2026-04-25,Adults,111,14194251
2026-04-25,Overall,198,19116209
2026-04-25,Pediatrics,87,4921958
2026-05-02,Adults,125,14194251
2026-05-02,Overall,226,19116209
2026-05-02,Pediatrics,101,4921958
2026-05-09,Adults,115,14194251
2026-05-09,Overall,188,19116209
2026-05-09,Pediatrics,73,4921958
2026-05-16,Adults,143,14194251
2026-05-16,Overall,245,19116209
2026-05-16,Pediatrics,102,4921958
2026-05-23,Adults,149,14194251
2026-05-23,Overall,242,19116209
2026-05-23,Pediatrics,93,4921958
2026-05-30,Adults,133,14194251
2026-05-30,Overall,224,19116209
2026-05-30,Pediatrics,91,4921958
2026-06-06,Adults,169,14194251
2026-06-06,Overall,289,19116209
2026-06-06,Pediatrics,120,4921958
2026-06-13,Adults,126,14194251
2026-06-13,Overall,227,19116209
2026-06-13,Pediatrics,101,4921958
